{"cameraMode":{"drawMode":0,"name":"Shaded","section":"Shading Mode"},"sceneLighting":true,"audioPlay":false,"sceneViewState":{"showFog":true,"showMaterialUpdate":false,"showSkybox":true,"showFlares":true,"showImageEffects":true,"showParticleSystems":true},"in2DMode":false,"pivot":{"x":3.7943239212036135,"y":-0.7784081697463989,"z":-3.1793642044067385},"rotation":{"x":-0.02645050920546055,"y":0.9639207720756531,"z":-0.10481204092502594,"w":-0.24325555562973023},"size":5.496178150177002,"orthographic":false}